{
    "DNDConfig": null,
    "_height_": {
        "type": "string",
        "value": "45dp"
    },
    "_margin_": [
        0,
        0,
        0,
        0
    ],
    "_orientation_": 6,
    "_padding_": [
        0,
        0,
        0,
        0
    ],
    "_percent_": true,
    "_skin_": "sb5e98ba4b4c4c5e9038898a1e105516",
    "allboxes": [],
    "autogrowmode": 0,
    "canUpdateUI": true,
    "children": [
        "lblHeadingRowName",
        "lblHeadingRowCount",
        "lblSeperator"
    ],
    "clipbounds": true,
    "containerId": true,
    "containerweight": 100,
    "controllerInfo": {
        "default": {
            "channel": "mobile",
            "name": "flxCountHdrController"
        }
    },
    "enablescrolling": true,
    "id": "flxCountHdr",
    "info": null,
    "isTemplate": true,
    "isvisible": true,
    "kuid": "e2504566e0254c50acb3f7171a5694f8",
    "layouttype": 2,
    "name": "kony.ui.FlexContainer",
    "parent": "tmpCountHeader",
    "pf": "tmpCountHeader",
    "snapgridsize": 10,
    "snaptogrid": true,
    "wType": "FlexContainer",
    "widgetalignment": 1
}