{
    "@class": "com.kony.gen.viz.model.component.KVizLabel",
    "DNDConfig": null,
    "__parentReadjusting__": false,
    "_height_": {
        "type": "ref",
        "value": "preferred"
    },
    "_margin_": [
        1,
        1,
        1,
        1
    ],
    "_padding_": [
        0,
        0,
        0,
        0
    ],
    "_right_": {
        "type": "string",
        "value": "40dp"
    },
    "_skin_": "s85293082d58458cb5d164490b05d315",
    "_text_": "Row Count",
    "_width_": {
        "type": "string",
        "value": "50%"
    },
    "_wrapping_": 2,
    "android": {
        "textStyle": {
            "letterSpacing": 0,
            "strikeThrough": false
        }
    },
    "canUpdateUI": true,
    "centery": {
        "type": "string",
        "value": "50%"
    },
    "containerId": true,
    "containerweight": 100,
    "contentalignment": 6,
    "id": "lblHeadingRowCount",
    "info": null,
    "ipad": {
        "psp": {
            "wrapping": 2
        }
    },
    "iphone": {
        "psp": {
            "wrapping": 2
        }
    },
    "isvisible": true,
    "kuid": "b66d47b2d2514559bbeeb1dd4d4e721c",
    "maxwidth": {
        "type": "string",
        "value": "50%"
    },
    "name": "kony.ui.Label",
    "parent": "flxCountHdr",
    "pf": "tmpCountHeader",
    "textstyle": {},
    "tooltip": "",
    "wType": "Label",
    "zindex": 1
}