{
    "@class": "com.kony.gen.viz.model.component.KVizButton",
    "DNDConfig": null,
    "__parentReadjusting__": false,
    "_bottom_": {
        "type": "string",
        "value": "5dp"
    },
    "_height_": {
        "type": "string",
        "value": "60dp"
    },
    "_margin_": [
        6,
        6,
        6,
        6
    ],
    "_padding_": [
        0,
        0,
        0,
        0
    ],
    "_skin_": "sbd53e23f0984e3499a49b5f8b864617",
    "_text_": "Submit",
    "_top_": {
        "type": "string",
        "value": "15dp"
    },
    "_width_": {
        "type": "string",
        "value": "70%"
    },
    "canUpdateUI": true,
    "centerx": {
        "type": "string",
        "value": "50%"
    },
    "containerweight": 100,
    "contentalignment": 5,
    "displaytext": true,
    "focusskin": "s04c0a1aa8dd4fbf93118a0c6e053375",
    "id": "btnSubmit",
    "info": null,
    "isvisible": true,
    "kuid": "c909a19fabdc43c89192601932f7000f",
    "masterType": 1,
    "name": "kony.ui.Button",
    "parent": "flxEntry",
    "pf": "frmPage1",
    "wType": "Button",
    "zindex": 1
}