{
    "@class": "com.kony.gen.viz.model.component.KVizUserWidget",
    "DNDConfig": null,
    "__parentReadjusting__": false,
    "_android_": {
        "height": {
            "type": "string",
            "value": "56dp"
        }
    },
    "_androidwearos_": {},
    "_children_": [],
    "_desktopweb_": {},
    "_height_": {
        "type": "string",
        "value": "52dp"
    },
    "_ipad_": {},
    "_iphone_": {},
    "_kiosk_": {},
    "_left_": {
        "type": "string",
        "value": "0dp"
    },
    "_margin_": [
        0,
        0,
        0,
        0
    ],
    "_orientation_": 1,
    "_padding_": [
        0,
        0,
        0,
        0
    ],
    "_percent_": true,
    "_skin_": "sea1b32739f3489d806c42f35e7dadd3",
    "_spa_": {},
    "_spaan_": {},
    "_spaandroidtablet_": {},
    "_spabb_": {},
    "_spaip_": {},
    "_spaipad_": {},
    "_spamobile_": {},
    "_spatablet_": {},
    "_spawindowstablet_": {},
    "_spawinphone8_": {},
    "_tabrcandroid_": {},
    "_top_": {
        "type": "string",
        "value": "0dp"
    },
    "_vizProps_": {
        "hidewidgethierarchy": false
    },
    "_width_": {
        "type": "string",
        "value": "100%"
    },
    "_windows10_": {},
    "_windows8_": {},
    "_winphone10_": {},
    "_winphone8_": {},
    "areflexpropsreferenced": false,
    "autogrowmode": 0,
    "canUpdateUI": true,
    "clipbounds": true,
    "containerweight": 100,
    "dataDiffs": {
        "HeaderPML": {
            "__events__": {},
            "__info__": {
                "isRoot": true,
                "kuid": "ie9a801f6a4747efabf0eab030935eea",
                "srcKUID": "efc473377bf646249f76c24a004c390d",
                "wType": "FlexContainer"
            }
        },
        "headerButtonLeft": {
            "__events__": {},
            "__info__": {
                "kuid": "c56a08420aaf49ada77ad9bf98e4bcfa",
                "srcKUID": "c5a1045da68240d98fd7427bf8871ee9",
                "wType": "Button"
            },
            "isVisible": false
        },
        "headerIconLeft": {
            "__events__": {},
            "__info__": {
                "kuid": "e8c668fc4a724b058b492ec08363bbf4",
                "srcKUID": "bbc2d90b63a94388a300c9cae119f2aa",
                "wType": "Label"
            },
            "isVisible": false
        },
        "lblTitle": {
            "__events__": {},
            "__info__": {
                "kuid": "gb91c92bdc0d427fa7ef0fdcb2fcecd5",
                "srcKUID": "i7759b14bd394211a3ea14c854cec85e",
                "wType": "Label"
            }
        }
    },
    "enablescrolling": true,
    "id": "HeaderPML",
    "info": null,
    "isdatareferenced": false,
    "issegmentchild": false,
    "isvisible": true,
    "kuid": "ie9a801f6a4747efabf0eab030935eea",
    "layouttype": 2,
    "masterType": 0,
    "name": "kony.ui.UserWidgetInstance",
    "parent": "flxMain",
    "pf": "frmPage1",
    "snapgridsize": 10,
    "snaptogrid": true,
    "sourceUserWidget": "efc473377bf646249f76c24a004c390d",
    "wType": "UserWidgetInstance",
    "zindex": 1
}