{
    "@class": "com.kony.gen.viz.model.component.KVizRichText",
    "DNDConfig": null,
    "__parentReadjusting__": false,
    "_height_": {
        "type": "ref",
        "value": "preferred"
    },
    "_left_": {
        "type": "string",
        "value": "0dp"
    },
    "_margin_": [
        0,
        0,
        0,
        0
    ],
    "_padding_": [
        10,
        0,
        0,
        0
    ],
    "_skin_": "sf4d17daf2cc4a6fb380078609686144",
    "_text_": "<ul>\n<li> P: Pickup from the stash and move to position 0 </li>\n<li> M: Move to the Next Position </li>\n<li> L: Lower the block</li>\n</ul>\n",
    "_top_": {
        "type": "string",
        "value": "0dp"
    },
    "_width_": {
        "type": "string",
        "value": "95%"
    },
    "_wrapping_": 2,
    "canUpdateUI": true,
    "centerx": {
        "type": "string",
        "value": "50%"
    },
    "containerweight": 100,
    "contentalignment": 4,
    "id": "rchInstructions",
    "info": null,
    "iscustomlayout": false,
    "isvisible": true,
    "kuid": "i40ba5aa04d74af6bbb40d857c38355d",
    "linkskin": "see6725cda03415f9902c26f8e519a21",
    "name": "kony.ui.RichText",
    "paddinginpixel": false,
    "parent": "flxInstructions",
    "pf": "frmPage1",
    "retaincontentalignment": false,
    "retainflexpositionproperties": false,
    "wType": "RichText",
    "widgetalignment": 5,
    "zindex": 1
}