{
    "@class": "com.kony.gen.viz.model.component.KVizTextBox2",
    "DNDConfig": null,
    "__parentReadjusting__": false,
    "_bottom_": {
        "type": "string",
        "value": "5dp"
    },
    "_height_": {
        "type": "string",
        "value": "60dp"
    },
    "_margin_": [
        0,
        0,
        0,
        0
    ],
    "_padding_": [
        4,
        0,
        0,
        0
    ],
    "_placeholder_": "Enter the pattern...",
    "_skin_": "sa2afdc7eb854468af2e47e53c0e2fb0",
    "_text_": "",
    "_top_": {
        "type": "string",
        "value": "5dp"
    },
    "_width_": {
        "type": "string",
        "value": "90%"
    },
    "autocapitalize": "none",
    "autocomplete": false,
    "autocorrect": false,
    "autofilter": false,
    "canUpdateUI": true,
    "centerx": {
        "type": "string",
        "value": "50%"
    },
    "containerheight": "",
    "containerheightmode": 1,
    "containerweight": 100,
    "contentalignment": 4,
    "focusskin": "s7b89cbec2214b16a2c5f2954028312c",
    "id": "txtPattern",
    "info": null,
    "iphone": {
        "psp": {
            "showClearButton": false
        }
    },
    "isvisible": true,
    "keyboardtype": "A",
    "kuid": "a9354a01039f4e87819d714d3e074979",
    "masterType": 1,
    "mode": "A",
    "name": "kony.ui.TextBox2",
    "paddinginpixel": false,
    "parent": "flxEntry",
    "pf": "frmPage1",
    "placeholderskin": "s09203281e974036a7fce8c99c51462a",
    "securetextentry": false,
    "showclearbutton": false,
    "textinputmode": "A",
    "tooltip": "",
    "viewtype": "default",
    "wType": "TextField",
    "zindex": 1
}